ticker,name,sector,ebit,market_cap,total_debt,cash,current_assets,current_liabilities,net_fixed_assets
GOODCO,Good Cheap Co,Technology,2500,10000,1500,2000,4000,2500,3000
QUALITY,Quality Compounder,Consumer,4000,40000,3000,5000,8000,6000,12000
CHEAPO,Deep Value Inc,Industrials,1800,6000,2000,500,5000,3000,4000
STEADY,Steady Eddie,Healthcare,3000,28000,4000,3000,7000,5000,10000
PRICEY,Overpriced Growth,Technology,900,35000,500,4000,3000,2000,2500
LEVER,Levered Play,Industrials,2200,7000,9000,600,6000,4500,7000
MOAT,Wide Moat Corp,Consumer,5200,45000,2000,8000,9000,7000,9000
SMALLCAP,Tiny Firm,Technology,300,30,50,20,150,80,120
BANKco,Big Bank,Financials,6000,50000,120000,40000,200000,180000,3000
POWERCO,Regional Utility,Utilities,3500,30000,25000,1000,4000,3000,40000
REDINK,Loss Maker,Technology,-800,4000,3000,500,3000,2500,3500
BARGAIN,Solid Bargain,Materials,2600,9000,2500,1500,6000,4000,5000
FAIRVAL,Fairly Valued,Healthcare,3200,32000,6000,4000,8000,6000,14000
CASHRICH,Net Cash Co,Technology,1500,8000,200,9000,10000,3000,2500
